No,検査名,1.2.840.114319.5.1000.1.45.1,1.2.840.114319.5.1000.1.26.1,1.2.840.114319.5.1000.1.18.1,1.2.840.114319.5.1000.1.45.4,1.2.840.114319.5.1000.1.41.2,1.2.840.114319.5.1000.1.23.3,1.2.840.114319.5.1000.1.22.2,1.2.840.114319.5.1000.1.45.2,1.2.840.114319.5.1000.1.27.3,1.2.840.114319.5.1000.1.28.13,1.2.840.114319.5.1000.1.22.1,取得施設数
1,白血球数,1,1,1,1,1,1,1,1,1,1,1,11
2,赤血球数,1,1,1,1,1,1,1,1,1,1,1,11
3,ヘモグロビン,1,1,1,1,1,1,1,1,1,1,1,11
4,ヘマトクリット,1,1,1,1,1,1,1,1,1,1,1,11
5,平均赤血球容積,1,1,1,1,1,1,1,1,1,1,1,11
6,平均赤血球血色素量,1,1,1,1,1,1,1,1,1,1,1,11
7,平均赤血球血色素濃度,1,1,1,1,1,1,1,1,1,1,1,11
8,血小板数,1,1,1,1,1,1,1,1,1,1,1,11
9,AST(GOT),1,1,1,1,1,1,1,1,1,1,1,11
10,ALT(GPT),1,1,1,1,1,1,1,1,1,1,1,11
11,Na,1,1,1,1,1,1,1,1,1,1,1,11
12,K,1,1,1,1,1,1,1,1,1,1,1,11
13,Cl,1,1,1,1,1,1,1,1,1,1,1,11
14,好酸球,1,1,1,1,1,1,1,1,1,1,1,11
15,好酸球数,1,1,0,0,0,1,0,0,1,0,0,4
16,好塩基球,1,1,1,1,1,1,1,1,1,1,1,11
17,好塩基球数,1,1,0,0,0,1,0,0,1,0,0,4
18,リンパ球,1,1,1,1,1,1,1,1,1,1,1,11
19,リンパ球数,1,1,0,0,0,1,1,1,1,0,1,7
20,単球,1,1,1,1,1,1,1,1,1,1,1,11
21,単球数,1,1,0,0,0,1,0,0,1,0,0,4
22,尿素窒素,1,1,1,1,1,1,1,1,1,1,1,11
23,クレアチニン,1,1,1,1,1,1,1,1,1,1,1,11
24,血糖,1,1,1,1,1,1,1,1,1,1,1,11
25,カルシウム,1,1,1,1,1,1,1,1,1,1,1,11
26,総ビリルビン,1,1,1,1,1,1,1,1,1,1,1,11
27,乳酸脱水素酵素,1,1,1,1,1,1,1,1,1,1,1,11
28,ALP,1,1,1,1,1,1,1,1,1,1,1,11
29,ALP1,1,0,1,0,0,0,0,0,0,1,0,3
30,ALP2,1,0,1,0,0,0,0,0,0,1,0,3
31,ALP3,1,0,1,0,0,0,0,0,0,1,0,3
32,ALP4,1,0,0,0,0,0,0,0,0,1,0,2
33,ALP5,1,0,0,0,0,0,0,0,0,1,0,2
34,ALP6,1,0,0,0,0,0,0,0,0,1,0,2
35,ALP2+ALP3,1,0,0,0,0,0,0,0,0,0,0,1
36,RDW-CV,1,1,1,1,0,1,1,1,1,0,0,8
37,RDW-SD,0,1,0,0,0,0,0,0,0,0,0,1
38,尿酸,1,1,1,1,1,0,1,0,1,1,1,9
39,CK,1,1,1,1,1,1,1,1,1,1,1,11
40,無機リン,1,0,1,1,0,1,1,1,1,1,1,9
41,好中球,1,1,1,1,1,1,1,0,1,1,1,10
42,好中球数,1,1,0,0,0,1,1,1,1,0,1,7
43,平均血小板容積,1,1,1,0,0,1,1,0,1,0,0,6
44,総蛋白,1,1,1,1,0,0,1,1,1,1,1,9
45,アルブミン,1,1,1,1,0,0,1,1,1,1,1,9
46,中性脂肪,1,1,1,1,0,1,1,0,0,1,1,8
47,γ-GTP,1,1,1,1,1,0,1,0,0,1,1,8
48,総コレステロール,1,1,1,1,0,1,1,0,1,1,1,9
49,pH(尿),1,0,1,1,0,1,1,0,0,1,1,7
50,蛋白(尿),1,0,1,1,0,1,1,0,0,1,1,7
51,直接ビリルビン,1,0,1,0,0,0,1,1,1,1,1,7
52,BE,1,0,1,1,0,1,1,1,0,1,1,8
53,溶血,1,1,0,0,0,1,1,1,0,0,1,6
54,チロシン,0,0,1,0,0,0,1,0,0,1,1,4
55,フェニルアラニン,0,0,1,0,0,0,1,0,0,1,1,4
56,血小板濃度,1,0,1,0,0,0,0,0,0,0,0,2
57,血小板分布幅,1,1,1,0,0,1,0,0,0,0,0,4
58,A/G,1,1,1,0,0,0,0,0,1,1,1,6
59,色調(尿),1,0,1,1,0,1,1,0,0,0,0,5
60,混濁(尿),1,0,1,1,0,1,1,0,0,0,0,5
61,比重(尿),1,0,1,1,0,0,1,0,0,1,1,6
62,糖(尿),1,0,1,1,0,1,1,0,0,1,1,7
63,ケトン体(尿),1,0,1,1,0,1,1,0,0,1,1,7
64,潜血(尿),1,0,1,1,0,1,1,0,0,1,1,7
65,ウロビリノーゲン(尿),1,0,1,1,0,0,1,0,0,1,1,6
66,ビリルビン(尿),1,0,1,1,0,0,1,0,0,1,1,6
67,亜硝酸塩(尿),1,0,1,1,0,1,1,0,0,1,1,7
68,白血球数(尿),0,0,1,0,0,0,0,0,0,0,0,1
69,白血球(尿),1,0,1,1,0,1,1,0,0,1,1,7
70,コリンエステラーゼ,1,0,1,1,0,0,1,0,0,1,1,6
71,アミラーゼ,1,0,1,0,0,0,1,0,1,1,1,6
72,好中球桿状核球,0,0,1,1,0,0,1,1,1,1,1,7
73,好中球分葉核球,1,1,1,1,0,0,1,1,1,1,0,8
74,マグネシウム,1,0,1,0,0,0,1,0,1,1,1,6
75,鉄,0,0,1,1,0,0,1,0,1,1,1,6
76,LAP,1,0,1,0,0,0,0,0,0,1,1,4
77,異型リンパ球,1,0,1,1,0,0,1,1,1,1,1,8
78,網赤血球数,1,1,1,0,0,0,1,0,0,1,1,6
79,網赤血球数(絶対数),1,1,0,0,0,0,0,0,0,0,0,2
80,TSH,1,0,1,0,0,0,1,0,0,1,1,5
81,HCO3,1,0,1,1,0,1,1,1,0,1,1,8
82,ctO2,1,0,1,0,0,0,1,0,0,0,1,4
83,sO2,1,0,1,1,0,1,1,0,0,1,1,7
84,pO2,1,0,1,1,0,1,1,1,0,1,1,8
85,pCO2,1,0,1,1,0,1,1,1,0,1,1,8
86,tCO2,1,0,1,0,0,1,1,1,0,1,0,6
87,フェリチン,0,0,1,1,0,0,1,0,1,1,1,6
88,イオン化カルシウム,1,0,1,1,0,1,1,1,0,1,1,8
89,O2Hb,0,0,0,1,0,1,1,0,0,0,1,4
90,COHb,0,0,0,1,0,1,1,0,0,0,1,4
91,MetHb,0,0,0,1,0,1,1,0,0,0,1,4
92,eGFR,0,1,1,1,1,0,0,0,1,1,1,7
93,アニオンギャップ,1,0,1,0,0,0,0,1,0,0,0,3
94,後骨髄球,1,0,1,0,0,0,1,1,0,0,1,5
95,骨髄芽球,1,0,0,0,0,0,1,1,0,0,1,4
96,有核赤血球数,0,1,0,0,0,1,1,0,1,0,0,4
97,有核赤血球比率,0,1,1,0,0,0,0,0,0,0,0,2
98,乳び,1,1,0,0,0,1,1,0,0,0,0,4
99,黄疸,1,1,0,0,0,1,1,0,0,0,0,4
100,CRP,1,0,1,1,1,0,1,0,0,1,1,7
101,アンモニア,1,1,1,1,0,0,1,1,0,1,1,8
102,赤芽球,0,0,0,1,0,0,1,1,0,1,0,4
103,pH,1,0,1,1,0,1,1,1,0,1,1,8
104,tHb,1,0,0,1,0,0,0,0,0,0,0,2
105,乳酸,0,0,1,1,0,1,1,1,0,1,1,7
106,ﾀｳﾘﾝ,0,0,1,0,0,0,1,0,0,1,1,4
107,ﾎｽﾌｫｴﾀﾉｰﾙｱﾐﾝ,0,0,1,0,0,0,1,0,0,1,1,4
108,ｱｽﾊﾟﾗｷﾞﾝ酸,0,0,1,0,0,0,1,0,0,1,1,4
109,ﾊｲﾄﾞﾛｷｼﾌﾟﾛﾘﾝ,0,0,1,0,0,0,1,0,0,1,1,4
110,ﾄﾚｵﾆﾝ,0,0,1,0,0,0,1,0,0,1,1,4
111,ｾﾘﾝ,0,0,1,0,0,0,1,0,0,1,1,4
112,ｱｽﾊﾟﾗｷﾞﾝ,0,0,1,0,0,0,1,0,0,1,1,4
113,ｸﾞﾙﾀﾐﾝ酸,0,0,1,0,0,0,1,0,0,1,1,4
114,ｸﾞﾙﾀﾐﾝ,0,0,1,0,0,0,1,0,0,1,1,4
115,ｻﾙｺｼﾝ,0,0,1,0,0,0,1,0,0,1,1,4
116,α-ｱﾐﾉｱｼﾞﾋﾟﾝ酸,0,0,1,0,0,0,1,0,0,1,1,4
117,ﾌﾟﾛﾘﾝ,0,0,1,0,0,0,1,0,0,1,1,4
118,ｸﾞﾘｼﾝ,0,0,1,0,0,0,1,0,0,1,1,4
119,ｱﾗﾆﾝ,0,0,1,0,0,0,1,0,0,1,1,4
120,ｼﾄﾙﾘﾝ,0,0,1,0,0,0,1,0,0,1,1,4
121,α-ｱﾐﾉ-n-酪酸,0,0,1,0,0,0,1,0,0,1,1,4
122,ﾊﾞﾘﾝ,0,0,1,0,0,0,1,0,0,1,1,4
123,ｼｽﾁﾝ,0,0,1,0,0,0,1,0,0,1,1,4
124,ﾒﾁｵﾆﾝ,0,0,1,0,0,0,1,0,0,1,1,4
125,ｼｽﾀﾁｵﾆﾝ,0,0,1,0,0,0,1,0,0,1,1,4
126,ｲｿﾛｲｼﾝ,0,0,1,0,0,0,1,0,0,1,1,4
127,ﾛｲｼﾝ,0,0,1,0,0,0,1,0,0,1,1,4
128,β-ｱﾗﾆﾝ,0,0,1,0,0,0,1,0,0,1,1,4
129,β-ｱﾐﾉｲｿ酪酸,0,0,1,0,0,0,1,0,0,1,1,4
130,ﾎﾓｼｽﾁﾝ,0,0,1,0,0,0,1,0,0,1,1,4
131,γ-ｱﾐﾉ酪酸,0,0,1,0,0,0,1,0,0,1,1,4
132,ﾊｲﾄﾞﾛｷｼﾘｼﾞﾝ,0,0,1,0,0,0,1,0,0,1,1,4
133,ｵﾙﾆﾁﾝ,0,0,1,0,0,0,1,0,0,1,1,4
134,1-ﾒﾁﾙﾋｽﾁｼﾞﾝ,0,0,1,0,0,0,1,0,0,1,1,4
135,ﾋｽﾁｼﾞﾝ,0,0,1,0,0,0,1,0,0,1,1,4
136,ﾘｼﾞﾝ,0,0,1,0,0,0,1,0,0,1,1,4
137,3-ﾒﾁﾙﾋｽﾁｼﾞﾝ,0,0,1,0,0,0,1,0,0,1,1,4
138,ﾄﾘﾌﾟﾄﾌｧﾝ,0,0,1,0,0,0,1,0,0,1,1,4
139,ｱﾝｾﾘﾝ,0,0,1,0,0,0,1,0,0,1,1,4
140,ｶﾙﾉｼﾝ,0,0,1,0,0,0,1,0,0,1,1,4
141,ｱﾙｷﾞﾆﾝ,0,0,1,0,0,0,1,0,0,1,1,4
142,ｱﾛｲｿﾛｲｼﾝ,0,0,1,0,0,0,0,0,0,1,1,3
143,ﾌｨｯｼｬｰ比,0,0,1,0,0,0,1,0,0,1,1,4
144,ﾓﾉｴﾀﾉｰﾙｱﾐﾝ,0,0,1,0,0,0,1,0,0,1,1,4
145,前骨髄球,0,0,0,0,0,0,1,1,0,0,1,3
146,骨髄球,0,0,0,0,0,0,1,1,0,1,1,4
147,形質細胞,0,0,0,0,0,0,0,1,0,0,0,1
148,HHb,0,0,0,1,0,0,1,0,0,0,1,3
149,IPF%,0,1,1,0,0,0,0,0,0,0,0,2
150,UIBC,0,0,1,0,0,0,1,0,1,1,1,5
151,BUN/CRE比,0,0,0,0,0,0,0,0,1,0,0,1
152,Na･Cl差,0,0,0,0,0,0,0,0,1,0,0,1
153,亜鉛,0,0,1,0,0,0,1,0,1,0,1,4
154,ﾄﾗﾝｽﾌｪﾘﾝ飽和度(TSAT),0,0,0,0,0,0,0,0,1,0,0,1
155,ＳＢＣ,0,0,0,0,0,0,0,1,0,0,0,1
156,FRC%,0,1,0,0,0,0,0,0,0,0,0,1
157,ｸﾞﾘｼﾙﾌﾟﾛﾘﾝ,0,0,1,0,0,0,0,0,0,1,0,2
158,ﾎﾓｼﾄﾙﾘﾝ,0,0,1,0,0,0,1,0,0,1,0,3
159,S-ｽﾙﾎｼｽﾃｲﾝ,0,0,1,0,0,0,0,0,0,1,0,2
160,ｷﾇﾚﾆﾝ,0,0,1,0,0,0,0,0,0,1,0,2
161,ｱﾙｷﾞﾆﾉｺﾊｸ酸,0,0,1,0,0,0,0,0,0,1,0,2
162,総胆汁酸,1,0,1,0,0,0,1,0,0,1,1,5
163,血清銅,0,0,1,0,0,0,1,0,1,1,1,5
164,NEFA（遊離脂肪酸）,0,0,1,0,0,0,1,0,0,0,0,2
165,HDL-C,0,0,1,1,0,0,1,0,0,1,1,5
166,LDL-C,0,0,1,1,0,0,1,0,0,1,1,5
167,LDL-C/HDL-C比,0,0,1,1,0,0,0,0,0,1,0,3
168,HbA1C,0,0,1,1,0,0,1,0,0,0,1,4
169,赤血球形態異常１,0,0,0,0,0,0,0,1,0,0,0,1
170,HTLV-I,0,0,1,0,0,0,0,0,0,0,0,1
171,梅毒RPR定性,0,0,1,0,0,0,1,0,0,0,1,3
172,梅毒TP抗体定性,0,0,1,0,0,0,1,0,0,0,1,3
173,HBs抗原,0,0,1,0,0,0,1,0,0,0,1,3
174,HCV抗体,0,0,1,0,0,0,1,0,0,0,1,3
175,HIV-Ag/Ab,0,0,1,0,0,0,1,0,0,0,1,3
176,ＦＴ４,1,0,1,0,0,0,1,0,0,1,1,5
177,ＦＴ３,1,0,1,0,0,0,1,0,0,1,1,5
178,ﾌﾟﾚｱﾙﾌﾞﾐﾝ,0,1,0,0,0,0,1,0,0,1,1,4
179,I-Bil（間接ﾋﾞﾘﾙﾋﾞﾝ）,0,0,1,0,0,0,0,0,0,0,0,1
180,ｸﾗﾐｼﾞｱﾄﾗｺﾏﾁｽ核酸増幅同定,0,0,1,0,0,0,0,0,0,0,0,1
181,ﾄｷｿﾌﾟﾗｽﾞﾏIgG抗体,0,0,1,0,0,0,0,0,0,0,0,1
182,小児Cr-eGFR,0,0,0,0,0,1,0,0,0,0,0,1
183,P-LCR,0,1,0,0,0,0,0,0,0,0,0,1
184,IG#,0,1,0,0,0,0,0,0,0,0,0,1
185,IG%,0,1,0,0,0,0,0,0,0,0,0,1
186,ﾋﾞﾀﾐﾝB12,0,0,1,1,0,0,1,0,0,0,1,4
187,総ｶﾙﾆﾁﾝ,0,0,0,1,0,0,1,0,0,1,1,4
188,遊離ｶﾙﾆﾁﾝ,0,0,0,1,0,0,1,0,0,1,1,4
189,ｱｼﾙｶﾙﾆﾁﾝ,0,0,0,1,0,0,1,0,0,1,1,4
190,抗体ｽｸﾘｰﾆﾝｸﾞ,0,0,1,0,0,0,0,0,0,0,0,1
191,風疹ｳｨﾙｽ(HI),0,0,1,0,0,0,1,0,0,0,0,2
192,抗SS-A/Ro抗体,0,0,1,0,0,0,1,0,0,0,0,2
193,抗SS-B/La抗体,0,0,1,0,0,0,1,0,0,0,0,2
194,LH,0,0,1,0,0,0,1,0,0,0,0,2
195,FSH,0,0,1,0,0,0,1,0,0,0,0,2
196,PRL,0,0,1,0,0,0,1,0,0,0,0,2
197,ｴｽﾄﾗｼﾞｵｰﾙ,0,0,1,0,0,0,1,0,0,0,0,2
198,遊離ﾃｽﾄｽﾃﾛﾝ,0,0,1,0,0,0,0,0,0,0,0,1
199,赤血球(尿),0,0,1,0,0,1,1,0,0,1,1,5
200,上皮細胞(尿),0,0,1,0,0,1,1,0,0,0,0,3
201,還元ヘモグロビン,0,0,0,0,0,1,0,0,0,0,0,1
202,腎障害程度,0,0,0,0,0,0,1,0,0,0,0,1
203,β２－マイクログロブリン,0,0,0,0,0,1,1,0,0,0,0,2
204,シスタチンＣ,0,0,0,0,0,1,1,0,0,0,1,3
205,eGFRシスタチンC,0,0,0,0,0,1,0,0,0,0,1,2
206,間接クームス,1,0,0,0,0,0,1,0,0,0,0,2
207,FDP,0,0,1,0,0,0,0,0,0,0,0,1
208,PT秒,0,0,1,0,0,0,1,0,0,1,1,4
209,PT%,0,0,1,0,0,0,1,0,0,1,1,4
210,PT-INR,0,0,1,0,0,0,1,0,0,1,1,4
211,APTT,0,0,1,0,0,0,1,0,0,1,1,4
212,FIB,0,0,1,0,0,0,1,0,0,1,1,4
213,MPO-ANCA,0,0,1,0,0,0,1,0,0,0,1,3
214,PR3-ANCA,0,0,1,0,0,0,1,0,0,0,1,3
215,Dダイマー,0,0,1,0,0,0,1,0,0,1,1,4
216,TAT,0,0,1,0,0,0,0,0,0,0,0,1
217,PIC,0,0,1,0,0,0,0,0,0,0,0,1
218,有核細胞数,0,0,1,0,0,0,1,0,0,0,0,2
219,単核球,0,0,1,0,0,0,0,0,0,1,0,2
220,多核球,0,0,1,0,0,0,0,0,0,1,0,2
221,プロカルシトニン,0,0,1,0,0,0,0,0,0,1,0,2
222,敗血症,0,0,1,0,0,0,0,0,0,0,0,1
223,IgG,0,0,1,0,0,0,1,0,0,1,1,4
224,IgA,0,0,1,0,0,0,1,0,0,1,1,4
225,IgM,0,0,1,0,0,0,1,0,0,1,1,4
226,C3,0,0,1,0,0,0,1,0,0,1,1,4
227,C4,0,0,1,0,0,0,1,0,0,1,1,4
228,HBe抗原,0,0,1,0,0,0,0,0,0,0,0,1
229,HBe抗体,0,0,1,0,0,0,0,0,0,0,0,1
230,HBc抗体,0,0,1,0,0,0,1,0,0,0,1,3
231,HBc抗体(定量),0,0,0,0,0,0,0,0,0,0,1,1
232,HA抗体,0,0,1,0,0,0,1,0,0,0,0,2
233,IgM型HA抗体,0,0,1,0,0,0,1,0,0,0,0,2
234,抗ds-DNA抗体,0,0,1,0,0,0,1,0,0,0,0,2
235,抗ss-DNA抗体,0,0,1,0,0,0,1,0,0,0,0,2
236,KL-6,0,0,1,0,0,0,1,0,0,0,0,2
237,可溶性IL-2レセプター,0,0,1,0,0,0,1,0,0,0,1,3
238,PIVKA-II,0,0,1,0,0,0,1,0,0,0,1,3
239,IgE,0,0,1,0,0,0,1,0,0,0,1,3
240,コナヒョウダニ,0,0,1,0,0,0,0,0,0,0,0,1
241,コナヒョウダニ(クラス),0,0,1,0,0,0,0,0,0,0,0,1
242,卵白,0,0,1,0,0,0,1,0,0,0,0,2
243,卵白(クラス),0,0,1,0,0,0,1,0,0,0,0,2
244,エビ,0,0,1,0,0,0,0,0,0,0,0,1
245,エビ(クラス),0,0,1,0,0,0,0,0,0,0,0,1
246,カニ,0,0,1,0,0,0,0,0,0,0,0,1
247,カニ(クラス),0,0,1,0,0,0,0,0,0,0,0,1
248,AFP,0,0,1,0,0,0,1,0,0,0,1,3
249,CEA,0,0,1,0,0,0,1,0,0,0,1,3
250,CA19-9,0,0,1,0,0,0,0,0,0,0,1,2
251,CA125,0,0,1,0,0,0,0,0,0,0,0,1
252,BNP,0,0,1,0,0,0,1,0,0,0,1,3
253,AFP-L3%,0,0,1,0,0,0,1,0,0,0,0,2
254,AFP-L1%,0,0,1,0,0,0,0,0,0,0,0,1
255,HBV-DNA,0,0,1,0,0,0,0,0,0,0,0,1
256,P型アミラーゼ,0,0,1,0,0,0,0,0,0,0,1,2
257,CK-MB,0,0,1,0,0,0,1,0,0,0,0,2
258,CK-MB mass,0,0,0,0,0,0,0,0,0,0,1,1
259,ICG(5'),0,0,1,0,0,0,0,0,0,0,0,1
260,ICG(10'),0,0,1,0,0,0,0,0,0,0,0,1
261,ICG(15'),0,0,1,0,0,0,0,0,0,0,0,1
262,空腹時血糖,0,0,1,0,0,0,0,0,0,0,1,2
263,尿量(24h),0,0,1,0,0,0,1,0,0,0,1,3
264,U-Na(24h),0,0,1,0,0,0,0,0,0,0,0,1
265,U-K(24h),0,0,1,0,0,0,0,0,0,0,0,1
266,U-K/day(24h),0,0,1,0,0,0,0,0,0,0,0,1
267,U-Cl(24h),0,0,1,0,0,0,0,0,0,0,0,1
268,U-Ca(24h),0,0,1,0,0,0,0,0,0,0,0,1
269,U-Ca/day(24h),0,0,1,0,0,0,0,0,0,0,0,1
270,U-IP(24h),0,0,1,0,0,0,0,0,0,0,0,1
271,U-IP/day(24h),0,0,1,0,0,0,0,0,0,0,0,1
272,U-UN(24h),0,0,1,0,0,0,0,0,0,0,1,2
273,U-UN/day(24h),0,0,1,0,0,0,0,0,0,0,1,2
274,U-UA(24h),0,0,1,0,0,0,0,0,0,0,0,1
275,U-UA/day(24h),0,0,1,0,0,0,0,0,0,0,0,1
276,U-CRNN(24h),0,0,1,0,0,0,1,0,0,0,1,3
277,U-CRNN/day(24h),0,0,1,0,0,0,0,0,0,0,1,2
278,U-TP(24h),0,0,1,0,0,0,1,0,0,0,1,3
279,U-TP/day(24h),0,0,1,0,0,0,1,0,0,0,1,3
280,U-AMY(24h),0,0,1,0,0,0,0,0,0,0,0,1
281,NAG(s24h),0,0,1,0,0,0,0,0,0,0,0,1
282,BSA補正(24h),0,0,0,0,0,0,0,0,0,0,1,1
283,U-ALB/day(24h),0,0,0,0,0,0,0,0,0,0,1,1
284,U-CRP/day(24h),0,0,0,0,0,0,0,0,0,0,1,1
285,蓄尿時間,0,0,0,0,0,0,1,0,0,0,0,1
286,蓄尿ポルフォビリノーゲン,0,0,0,0,0,0,1,0,0,0,0,1
287,円柱(尿),0,0,1,0,0,0,1,0,0,0,0,2
288,細菌数(尿),0,0,1,0,0,0,0,0,0,0,0,1
289,細菌(尿),0,0,1,0,0,0,1,0,0,1,1,4
290,赤血球形態(尿),0,0,1,0,0,0,1,0,0,1,0,3
291,扁平上皮(尿),0,0,1,0,0,0,1,0,0,1,1,4
292,移行上皮細胞(尿),0,0,1,0,0,0,0,0,0,0,1,2
293,尿細管上皮細胞(尿),0,0,1,0,0,0,1,0,0,0,1,3
294,硝子円柱(尿),0,0,1,0,0,0,1,0,0,1,1,4
295,上皮円柱(尿),0,0,1,0,0,0,1,0,0,0,1,3
296,顆粒円柱(尿),0,0,1,0,0,0,1,0,0,0,1,3
297,蝋様円柱(尿),0,0,1,0,0,0,1,0,0,0,0,2
298,脂肪円柱(尿),0,0,1,0,0,0,1,0,0,0,0,2
299,赤血球円柱(尿),0,0,1,0,0,0,1,0,0,0,0,2
300,その他円柱(尿),0,0,1,0,0,0,1,0,0,0,0,2
301,塩類結晶(尿),0,0,1,0,0,0,0,0,0,0,0,1
302,異型細胞疑い(尿),0,0,1,0,0,0,0,0,0,0,0,1
303,白血球円柱(尿),0,0,1,0,0,0,1,0,0,0,0,2
304,尿量,0,0,1,0,0,0,1,0,0,0,0,2
305,U-Na,0,0,1,0,0,0,1,0,0,1,1,4
306,U-K,0,0,1,0,0,0,1,0,0,1,0,3
307,U-Cl,0,0,1,0,0,0,1,0,0,1,0,3
308,U-Ca,0,0,1,0,0,0,1,0,0,0,0,2
309,U-IP,0,0,1,0,0,0,1,0,0,0,0,2
310,U-UN,0,0,1,0,0,0,1,0,0,0,1,3
311,U-UA,0,0,1,0,0,0,1,0,0,0,0,2
312,U-CRNN,0,0,1,0,0,0,1,0,0,1,1,4
313,U-TP,0,0,1,0,0,0,1,0,0,0,1,3
314,尿TP/尿Cr比,0,0,1,0,0,0,1,0,0,0,1,3
315,U-AMY,0,0,1,0,0,0,1,0,0,0,0,2
316,U-NAG,0,0,1,0,0,0,1,0,0,0,0,2
317,U-ALB,0,0,1,0,0,0,1,0,0,0,1,3
318,U-ALB指数,0,0,1,0,0,0,1,0,0,0,1,3
319,銅(尿),0,0,1,0,0,0,0,0,0,0,0,1
320,ﾀｳﾘﾝ(尿),0,0,1,0,0,0,1,0,0,1,0,3
321,ﾎｽﾌｫｴﾀﾉｰﾙｱﾐﾝ(尿),0,0,1,0,0,0,1,0,0,1,0,3
322,ｱｽﾊﾟﾗｷﾞﾝ酸(尿),0,0,1,0,0,0,1,0,0,1,0,3
323,ﾊｲﾄﾞﾛｷｼﾌﾟﾛﾘﾝ(尿),0,0,1,0,0,0,1,0,0,1,0,3
324,ﾄﾚｵﾆﾝ(尿),0,0,1,0,0,0,1,0,0,1,0,3
325,ｾﾘﾝ(尿),0,0,1,0,0,0,1,0,0,1,0,3
326,ｱｽﾊﾟﾗｷﾞﾝ(尿),0,0,1,0,0,0,1,0,0,1,0,3
327,ｸﾞﾙﾀﾐﾝ酸(尿),0,0,1,0,0,0,1,0,0,1,0,3
328,ｸﾞﾙﾀﾐﾝ(尿),0,0,1,0,0,0,1,0,0,1,0,3
329,ｻﾙｺｼﾝ(尿),0,0,1,0,0,0,1,0,0,1,0,3
330,α-ｱﾐﾉｱｼﾞﾋﾟﾝ酸(尿),0,0,1,0,0,0,1,0,0,1,0,3
331,ﾌﾟﾛﾘﾝ(尿),0,0,1,0,0,0,1,0,0,1,0,3
332,ｸﾞﾘｼﾝ(尿),0,0,1,0,0,0,1,0,0,1,0,3
333,ｱﾗﾆﾝ(尿),0,0,1,0,0,0,1,0,0,1,0,3
334,ｼﾄﾙﾘﾝ(尿),0,0,1,0,0,0,1,0,0,1,0,3
335,α-ｱﾐﾉ-n-酪酸(尿),0,0,1,0,0,0,1,0,0,1,0,3
336,ﾊﾞﾘﾝ(尿),0,0,1,0,0,0,1,0,0,1,0,3
337,ｼｽﾁﾝ(尿),0,0,1,0,0,0,1,0,0,1,0,3
338,ﾒﾁｵﾆﾝ(尿),0,0,1,0,0,0,1,0,0,1,0,3
339,ｼｽﾀﾁｵﾆﾝ(尿),0,0,1,0,0,0,1,0,0,1,0,3
340,ｲｿﾛｲｼﾝ(尿),0,0,1,0,0,0,1,0,0,1,0,3
341,ﾛｲｼﾝ(尿),0,0,1,0,0,0,1,0,0,1,0,3
342,ﾁﾛｼﾝ(尿),0,0,1,0,0,0,1,0,0,1,0,3
343,β-ｱﾗﾆﾝ(尿),0,0,1,0,0,0,1,0,0,1,0,3
344,ﾌｪﾆﾙｱﾗﾆﾝ(尿),0,0,1,0,0,0,1,0,0,1,0,3
345,β-ｱﾐﾉｲｿ酪酸(尿),0,0,1,0,0,0,1,0,0,1,0,3
346,ﾎﾓｼｽﾁﾝ(尿),0,0,1,0,0,0,1,0,0,1,0,3
347,γ-ｱﾐﾉ酪酸(尿),0,0,1,0,0,0,1,0,0,1,0,3
348,ﾓﾉｴﾀﾉｰﾙｱﾐﾝ(尿),0,0,1,0,0,0,1,0,0,1,0,3
349,ﾊｲﾄﾞﾛｷｼﾘｼﾞﾝ(尿),0,0,1,0,0,0,1,0,0,1,0,3
350,ｵﾙﾆﾁﾝ(尿),0,0,1,0,0,0,1,0,0,1,0,3
351,1-ﾒﾁﾙﾋｽﾁｼﾞﾝ(尿),0,0,1,0,0,0,1,0,0,1,0,3
352,ﾋｽﾁｼﾞﾝ(尿),0,0,1,0,0,0,1,0,0,1,0,3
353,ﾘｼﾞﾝ(尿),0,0,1,0,0,0,1,0,0,1,0,3
354,3-ﾒﾁﾙﾋｽﾁｼﾞﾝ(尿),0,0,1,0,0,0,1,0,0,1,0,3
355,ﾄﾘﾌﾟﾄﾌｧﾝ(尿),0,0,1,0,0,0,1,0,0,1,0,3
356,ｱﾝｾﾘﾝ(尿),0,0,1,0,0,0,1,0,0,1,0,3
357,ｶﾙﾉｼﾝ(尿),0,0,1,0,0,0,1,0,0,1,0,3
358,ｱﾙｷﾞﾆﾝ(尿),0,0,1,0,0,0,1,0,0,1,0,3
359,ｱﾛｲｿﾛｲｼﾝ(尿),0,0,1,0,0,0,0,0,0,1,0,2
360,ｸﾞﾘｼﾙﾌﾟﾛﾘﾝ(尿),0,0,1,0,0,0,0,0,0,1,0,2
361,ﾎﾓｼﾄﾙﾘﾝ(尿),0,0,1,0,0,0,1,0,0,1,0,3
362,S-ｽﾙﾎｼｽﾃｲﾝ(尿),0,0,1,0,0,0,0,0,0,1,0,2
363,ｷﾇﾚﾆﾝ(尿),0,0,1,0,0,0,0,0,0,1,0,2
364,ｱﾙｷﾞﾆﾉｺﾊｸ酸(尿),0,0,1,0,0,0,0,0,0,1,0,2
365,β2MG-尿,0,0,1,0,0,0,1,0,0,0,1,3
366,Ｎｔｘ（骨粗鬆症）(尿),0,0,0,0,0,0,0,0,0,1,0,1
367,尿外観,0,0,0,0,0,0,1,0,0,0,0,1
368,アスコルビン酸(尿),0,0,0,0,0,0,1,0,0,0,0,1
369,アルブミン／クレアチニン　比(尿),0,0,0,0,0,0,1,0,0,0,1,2
370,Ｇｌｉｔｔｅｒｃｅｌｌ(尿),0,0,0,0,0,0,1,0,0,0,0,1
371,尿路上皮細胞(尿),0,0,0,0,0,0,1,0,0,0,0,1
372,細胞内封入体細胞(尿),0,0,0,0,0,0,1,0,0,0,0,1
373,核内封入体細胞(尿),0,0,0,0,0,0,1,0,0,0,0,1
374,大食細胞(尿),0,0,0,0,0,0,1,0,0,0,0,1
375,無晶性燐酸塩(尿),0,0,0,0,0,0,1,0,0,0,0,1
376,リン酸アンモニウムＭｇ結晶(尿),0,0,0,0,0,0,1,0,0,0,0,1
377,シュウ酸Ｃａ結晶(尿),0,0,0,0,0,0,1,0,0,0,1,2
378,尿酸結晶(尿),0,0,0,0,0,0,1,0,0,0,0,1
379,真菌(尿),0,0,0,0,0,0,1,0,0,0,0,1
380,脂肪球(尿),0,0,0,0,0,0,1,0,0,0,0,1
381,卵円形脂肪体(尿),0,0,0,0,0,0,1,0,0,0,0,1
382,粘液(尿),0,0,0,0,0,0,1,0,0,0,1,2
383,均一赤血球(尿),0,0,0,0,0,0,1,0,0,0,0,1
384,変形赤血球(尿),0,0,0,0,0,0,1,0,0,0,0,1
385,白血球塊(尿),0,0,0,0,0,0,1,0,0,0,0,1
386,非扁平上皮(尿),0,0,0,0,0,0,1,0,0,0,0,1
387,尿路上皮(尿),0,0,0,0,0,0,1,0,0,0,0,1
388,酵母様真菌(尿),0,0,0,0,0,0,1,0,0,0,0,1
389,精子(尿),0,0,0,0,0,0,1,0,0,0,0,1
390,結晶(尿),0,0,0,0,0,0,1,0,0,0,0,1
391,尿浸透圧,0,0,0,0,0,0,1,0,0,1,0,2
392,Ｕ－Ｍｇ,0,0,0,0,0,0,1,0,0,0,0,1
393,Ｕ－Ｇｌｕｃｏｓｅ,0,0,0,0,0,0,1,0,0,0,1,2
394,Ｕ－Ｌｄｈ,0,0,0,0,0,0,1,0,0,0,0,1
395,Ｕ－Γｇｔｐ,0,0,0,0,0,0,1,0,0,0,0,1
396,Ｕ－リゾチーム,0,0,0,0,0,0,1,0,0,0,0,1
397,Ｕ－トランスフェリン,0,0,0,0,0,0,1,0,0,1,0,2
398,任意尿中有機酸分析(尿),0,0,0,0,0,0,1,0,0,0,0,1
399,Ｕ－Ｖｍａ定量,0,0,0,0,0,0,1,0,0,0,0,1
400,Ｕ－Ｈｖａ定量,0,0,0,0,0,0,1,0,0,0,0,1
401,任意尿ミオグロビン,0,0,0,0,0,0,1,0,0,0,0,1
402,尿中Ｂｊ蛋白同定,0,0,0,0,0,0,1,0,0,0,0,1
403,任意尿アミノ酸定量,0,0,0,0,0,0,1,0,0,0,0,1
404,ﾎｽﾎｾﾘﾝ(尿),0,0,0,0,0,0,1,0,0,0,0,1
405,Ｐｃｐ（フェンシクリジン類）(尿),0,0,0,0,0,0,1,0,0,0,0,1
406,Ｂｚｄ（ベンゾジアゼピン）(尿),0,0,0,0,0,0,1,0,0,0,0,1
407,Ｂｚｏベンゾジアゼピン類(尿),0,0,0,0,0,0,1,0,0,0,0,1
408,Ｃｏｃ（コカイン系麻薬）(尿),0,0,0,0,0,0,1,0,0,0,0,1
409,Ａｍｐ（覚せい剤）(尿),0,0,0,0,0,0,1,0,0,0,0,1
410,Ｍｅｔｈ（覚せい剤）(尿),0,0,0,0,0,0,1,0,0,0,0,1
411,Ｔｈｃ（大麻）(尿),0,0,0,0,0,0,1,0,0,0,0,1
412,Ｍｏｒ／Ｏｐｉ（モルヒネ系麻）(尿),0,0,0,0,0,0,1,0,0,0,0,1
413,Ｏｐｉ（モルヒネ系麻薬）(尿),0,0,0,0,0,0,1,0,0,0,0,1
414,Ｂａｒ（バルビツール酸類）(尿),0,0,0,0,0,0,1,0,0,0,0,1
415,Ｔｃａ（三環系抗うつ剤(尿),0,0,0,0,0,0,1,0,0,0,0,1
416,尿中Ｂｋウイルス定性,0,0,0,0,0,0,1,0,0,0,0,1
417,尿中Ｊｃウイルス定性,0,0,0,0,0,0,1,0,0,0,0,1
418,細胞質内封入体(尿),0,0,0,0,0,0,0,0,0,0,1,1
419,沈渣実施尿量(尿),0,0,0,0,0,0,0,0,0,0,1,1
420,アミノ酸分画（尿）,0,0,0,0,0,0,0,0,0,1,0,1
421,ウロポルフィリン,0,0,0,0,0,0,0,0,0,1,0,1
422,バルプロ酸,0,0,1,0,0,0,1,0,0,1,0,3
423,non-HDL-C,0,0,1,0,0,0,0,0,0,0,0,1
424,APRI,0,0,1,0,0,0,0,0,0,0,0,1
425,FIB-4,0,0,1,0,0,0,0,0,0,0,0,1
426,MELD,0,0,1,0,0,0,0,0,0,0,0,1
427,ALBI score,0,0,1,0,0,0,0,0,0,0,0,1
428,ALBI grade,0,0,1,0,0,0,0,0,0,0,0,1
429,リバルタ,0,0,1,0,0,0,0,0,0,0,0,1
430,潜血,0,0,1,0,0,0,0,0,0,0,0,1
431,TIBC,0,0,1,0,0,0,1,0,0,0,1,3
432,ビタミンＢ１,0,0,1,0,0,0,1,0,0,0,1,3
433,アドレナリン(尿),0,0,0,0,0,0,0,0,0,1,0,1
434,ノルアドレナリン(尿),0,0,0,0,0,0,0,0,0,1,0,1
435,ドーパミン(尿),0,0,0,0,0,0,0,0,0,1,0,1
436,メタネフリン１日量(尿),0,0,0,0,0,0,0,0,0,1,0,1
437,ノルメタネフリン１日量(尿),0,0,0,0,0,0,0,0,0,1,0,1
438,メタネフリン総１日量(尿),0,0,0,0,0,0,0,0,0,1,0,1
439,メタネフリン濃度(尿),0,0,0,0,0,0,0,0,0,1,0,1
440,ノルメタネフリン濃度(尿),0,0,0,0,0,0,0,0,0,1,0,1
441,Ｖｍａ（Ｕ）１日量(尿),0,0,0,0,0,0,0,0,0,1,0,1
442,Ｖｍａ濃度(尿),0,0,0,0,0,0,0,0,0,1,0,1
443,Ｈｖａ（Ｕ）１日量(尿),0,0,0,0,0,0,0,0,0,1,0,1
444,Ｈｖａ（Ｕ）濃度(尿),0,0,0,0,0,0,0,0,0,1,0,1
445,アドレナリン濃度(尿),0,0,0,0,0,0,0,0,0,1,0,1
446,ノルアドレナリン濃度(尿),0,0,0,0,0,0,0,0,0,1,0,1
447,ドーパミン濃度(尿),0,0,0,0,0,0,0,0,0,1,0,1
448,アドレナリン,0,0,1,0,0,0,1,0,0,1,0,3
449,ノルアドレナリン,0,0,1,0,0,0,1,0,0,1,0,3
450,ドーパミン,0,0,1,0,0,0,1,0,0,1,0,3
451,抗核抗体,0,0,1,0,0,0,0,0,0,1,1,3
452,HOMOGENEOUS,0,0,1,0,0,0,1,0,0,1,0,3
453,SPECKLED,0,0,1,0,0,0,1,0,0,1,0,3
454,NUCLEOLAR,0,0,1,0,0,0,0,0,0,1,0,2
455,CENTROMERE,0,0,1,0,0,0,0,0,0,1,0,2
456,PERIPHERAL,0,0,1,0,0,0,0,0,0,1,0,2
457,核膜型,0,0,1,0,0,0,0,0,0,1,0,2
458,GRANULAR,0,0,1,0,0,0,0,0,0,1,0,2
459,血清補体価,0,0,1,0,0,0,1,0,0,0,1,3
460,セルロプラスミン,0,0,1,0,0,0,1,0,0,1,1,4
461,アデノシンデアミナーゼ,0,0,1,0,0,0,0,0,0,0,0,1
462,抗RNP抗体,0,0,1,0,0,0,0,0,0,0,0,1
463,抗RNP抗体（オクタロニー法）,0,0,0,0,0,0,1,0,0,0,0,1
464,抗Sm抗体,0,0,1,0,0,0,1,0,0,0,0,2
465,抗Sm抗体（オクタロニー法）,0,0,0,0,0,0,1,0,0,0,0,1
466,25-OHﾋﾞﾀﾐﾝD,0,0,1,0,0,0,1,0,0,0,0,2
467,EBｳｲﾙｽ EB NA,0,0,1,0,0,0,0,0,0,0,1,2
468,EBｳｲﾙｽ VCA IgG,0,0,1,0,0,0,0,0,0,0,1,2
469,EBｳｲﾙｽ VCA IgM,0,0,1,0,0,0,0,0,0,0,1,2
470,EBｳｲﾙｽ EA-DR IgG,0,0,1,0,0,0,0,0,0,0,0,1
471,ヒアルロン酸,0,0,1,0,0,0,1,0,0,0,0,2
472,総分岐鎖ｱﾐﾉ酸/ﾁﾛｼﾝﾓﾙ比,0,0,1,0,0,0,0,0,0,0,0,1
473,総分岐鎖ｱﾐﾉ酸,0,0,1,0,0,0,0,0,0,0,0,1
474,抗Scl-70抗体,0,0,1,0,0,0,1,0,0,0,0,2
475,肝細胞増殖因子,0,0,1,0,0,0,1,0,0,0,0,2
476,β-D-ｸﾞﾙｶﾝ,0,0,1,0,0,0,1,0,0,0,1,3
477,ｻｲﾄﾒｶﾞﾛｳｲﾙｽpp65抗原,0,0,1,0,0,0,1,0,0,0,0,2
478,Ⅳ型コラーゲン,0,0,1,0,0,0,1,0,0,0,0,2
479,Ⅳ型コラーゲン・7S,0,0,1,0,0,0,0,0,0,0,0,1
480,抗ﾐﾄｺﾝﾄﾞﾘｱM2抗体,0,0,1,0,0,0,0,0,0,0,0,1
481,抗ミトコンドリア抗体,0,0,0,0,0,0,1,0,0,1,0,2
482,ｻｰﾌｧｸﾀﾝﾄﾌﾟﾛﾃｲﾝD,0,0,1,0,0,0,0,0,0,0,0,1
483,ｻｰﾌｧｸﾀﾝﾄﾌﾟﾛﾃｲﾝA,0,0,1,0,0,0,0,0,0,0,0,1
484,抗ｾﾝﾄﾛﾒｱ抗体精密,0,0,1,0,0,0,0,0,0,0,0,1
485,抗LKM-1抗体精密,0,0,1,0,0,0,0,0,0,0,0,1
486,アセト酢酸,0,0,1,0,0,0,1,0,0,1,0,3
487,３－ヒドロキシ酪酸,0,0,1,0,0,0,1,0,0,1,0,3
488,総ケトン体,0,0,1,0,0,0,1,0,0,1,0,3
489,動脈血中ケトン体比,0,0,0,0,0,0,1,0,0,0,0,1
490,抗SS-A/Ro抗体,0,0,1,0,0,0,1,0,0,0,0,2
491,抗SS-B/La抗体,0,0,1,0,0,0,1,0,0,0,0,2
492,HBV遺伝子型,0,0,1,0,0,0,0,0,0,0,0,1
493,ﾗﾓﾄﾘｷﾞﾝ,0,0,1,0,0,0,0,0,0,0,0,1
494,M2BPGi,0,0,1,0,0,0,1,0,0,0,0,2
495,GH,0,0,1,0,0,0,1,0,0,1,0,3
496,TBG,0,0,1,0,0,0,0,0,0,0,0,1
497,インスリン,0,0,1,0,0,0,1,0,0,1,0,3
498,コルチゾール,0,0,1,0,0,0,1,0,0,1,1,4
499,アルドステロン,0,0,1,0,0,0,1,0,0,1,0,3
500,アルドステロンＲｉａ相当,0,0,0,0,0,0,0,0,0,1,0,1
501,オボムコイド,0,0,1,0,0,0,1,0,0,0,0,2
502,オボムコイド(クラス),0,0,0,0,0,0,1,0,0,0,0,1
503,イカ,0,0,1,0,0,0,0,0,0,0,0,1
504,タコ,0,0,1,0,0,0,0,0,0,0,0,1
505,卵黄,0,0,1,0,0,0,1,0,0,0,0,2
506,卵黄(クラス),0,0,0,0,0,0,1,0,0,0,0,1
507,アサリ,0,0,1,0,0,0,0,0,0,0,0,1
508,カキ,0,0,1,0,0,0,0,0,0,0,0,1
509,ホタテ,0,0,1,0,0,0,0,0,0,0,0,1
510,ヤケヒョウダニ,0,0,1,0,0,0,1,0,0,0,1,3
511,ヤケヒョウダニ(クラス),0,0,1,0,0,0,1,0,0,0,1,3
512,ソマトメジンＣ,0,0,1,0,0,0,1,0,0,1,0,3
513,葉酸,0,0,1,0,0,0,1,0,0,0,1,3
514,副腎皮質刺激ホルモン,0,0,1,0,0,0,1,0,0,1,1,4
515,レニン活性,0,0,1,0,0,0,1,0,0,1,0,3
516,B.P.,0,0,1,0,0,0,0,0,0,1,0,2
517,FO2Hb,0,0,1,0,0,0,0,0,0,0,0,1
518,FCOHb,0,0,1,0,0,0,0,0,0,0,0,1
519,FMetHb,0,0,1,0,0,0,0,0,0,0,0,1
520,FHHb,0,0,1,0,0,0,0,0,0,0,0,1
521,心筋トロポニンI,0,0,1,0,0,0,0,0,0,0,0,1
522,心筋トロポニンＴ,0,0,0,0,0,0,1,0,0,0,1,2
523,ヘモグロビン定量(便),0,0,0,0,0,0,0,0,0,0,1,1
524,ヘモグロビン(便),0,0,0,0,0,0,1,0,0,1,0,2
525,形状(便),0,0,0,0,0,0,1,0,0,0,0,1
526,色調(便),0,0,0,0,0,0,1,0,0,0,0,1
527,血液(便),0,0,0,0,0,0,1,0,0,0,0,1
528,粘液(便),0,0,0,0,0,0,1,0,0,0,0,1
529,食物残渣(便),0,0,0,0,0,0,1,0,0,0,0,1
530,トランスフェリン(便),0,0,0,0,0,0,1,0,0,0,0,1
531,ビリルビン(便),0,0,0,0,0,0,1,0,0,0,0,1
532,ウロビリン体(便),0,0,0,0,0,0,1,0,0,0,0,1
533,デンプン(便),0,0,0,0,0,0,1,0,0,0,0,1
534,ズダンⅢ(便),0,0,0,0,0,0,1,0,0,0,0,1
535,ナイルブルー(便),0,0,0,0,0,0,1,0,0,0,0,1
536,還元糖定性(便),0,0,0,0,0,0,1,0,0,0,0,1
537,Ｐｈ(便),0,0,0,0,0,0,1,0,0,0,0,1
538,カルプロテクチン(便),0,0,0,0,0,0,1,0,0,0,0,1
539,アデノ抗原(便),0,0,0,0,0,0,1,0,0,0,0,1
540,ロタウイルス抗原(便),0,0,0,0,0,0,1,0,0,0,0,1
541,ノロウイルス抗原(便),0,0,0,0,0,0,1,0,0,0,0,1
542,トキシン(便),0,0,0,0,0,0,1,0,0,0,0,1
543,Ｇｄｈ抗原(便),0,0,0,0,0,0,1,0,0,0,0,1
544,グリコアルブミン,0,0,0,0,0,0,1,0,0,0,1,2
545,ピルビン酸,0,0,0,0,0,0,1,0,0,1,1,3
546,補正CRE(+0.2),0,0,0,0,0,0,0,0,0,0,1,1
547,補正ｶﾙｼｳﾑ,0,0,0,0,0,0,0,0,0,0,1,1
548,リパーゼ,0,0,0,0,0,0,1,0,0,0,1,2
549,ビタミンＢ２,0,0,0,0,0,0,1,0,0,0,1,2
550,Ｃ－ペプチド,0,0,0,0,0,0,1,0,0,0,1,2
551,グルカゴン,0,0,0,0,0,0,0,0,0,0,1,1
552,抗GAD抗体,0,0,0,0,0,0,1,0,0,0,1,2
553,ガストリン,0,0,0,0,0,0,0,0,0,0,1,1
554,PTH-INTACT,0,0,0,0,0,0,1,0,0,0,1,2
555,RF定量,0,0,0,0,0,0,1,0,0,0,1,2
556,レチノール結合蛋白,0,0,0,0,0,0,1,0,0,0,1,2
557,ハウスダスト(クラス),0,0,0,0,0,0,1,0,0,0,1,2
558,ハウスダスト,0,0,0,0,0,0,1,0,0,0,1,2
559,カモガヤ(クラス),0,0,0,0,0,0,1,0,0,0,1,2
560,カモガヤ,0,0,0,0,0,0,1,0,0,0,1,2
561,ブタクサ(クラス),0,0,0,0,0,0,1,0,0,0,1,2
562,ブタクサ,0,0,0,0,0,0,1,0,0,0,1,2
563,スギ(クラス),0,0,0,0,0,0,1,0,0,0,1,2
564,スギ,0,0,0,0,0,0,1,0,0,0,1,2
565,ネコのフケ(クラス),0,0,0,0,0,0,1,0,0,0,1,2
566,ネコのフケ,0,0,0,0,0,0,1,0,0,0,1,2
567,ヒノキ(クラス),0,0,0,0,0,0,1,0,0,0,1,2
568,ヒノキ,0,0,0,0,0,0,1,0,0,0,1,2
569,イヌのフケ(クラス),0,0,0,0,0,0,1,0,0,0,1,2
570,イヌのフケ,0,0,0,0,0,0,1,0,0,0,1,2
571,ピーナッツ(クラス),0,0,0,0,0,0,0,0,0,0,1,1
572,ピーナッツ,0,0,0,0,0,0,0,0,0,0,1,1
573,アスペルギルス,0,0,0,0,0,0,1,0,0,0,0,1
574,アスペルギルス(クラス),0,0,0,0,0,0,1,0,0,0,0,1
575,カンジダ,0,0,0,0,0,0,1,0,0,0,0,1
576,カンジダ(クラス),0,0,0,0,0,0,1,0,0,0,0,1
577,アルテルナリア,0,0,0,0,0,0,1,0,0,0,0,1
578,アルテルナリア(クラス),0,0,0,0,0,0,1,0,0,0,0,1
579,ハンノキ,0,0,0,0,0,0,1,0,0,0,0,1
580,ハンノキ(クラス),0,0,0,0,0,0,1,0,0,0,0,1
581,ヨモギ,0,0,0,0,0,0,1,0,0,0,0,1
582,ヨモギ(クラス),0,0,0,0,0,0,1,0,0,0,0,1
583,ハルガヤ,0,0,0,0,0,0,1,0,0,0,0,1
584,ハルガヤ(クラス),0,0,0,0,0,0,1,0,0,0,0,1
585,オオアワガエリ,0,0,0,0,0,0,1,0,0,0,0,1
586,オオアワガエリ(クラス),0,0,0,0,0,0,1,0,0,0,0,1
587,牛乳,0,0,0,0,0,0,1,0,0,0,0,1
588,牛乳(クラス),0,0,0,0,0,0,1,0,0,0,0,1
589,小麦,0,0,0,0,0,0,1,0,0,0,0,1
590,小麦(クラス),0,0,0,0,0,0,1,0,0,0,0,1
591,ア－モンド,0,0,0,0,0,0,1,0,0,0,0,1
592,ア－モンド(クラス),0,0,0,0,0,0,1,0,0,0,0,1
593,Α－ラクトアルブミン,0,0,0,0,0,0,1,0,0,0,0,1
594,Α－ラクトアルブミン(クラス),0,0,0,0,0,0,1,0,0,0,0,1
595,Βーラクトグロブリン,0,0,0,0,0,0,1,0,0,0,0,1
596,Βーラクトグロブリン(クラス),0,0,0,0,0,0,1,0,0,0,0,1
597,カゼイン,0,0,0,0,0,0,1,0,0,0,0,1
598,カゼイン(クラス),0,0,0,0,0,0,1,0,0,0,0,1
599,グルテン,0,0,0,0,0,0,1,0,0,0,0,1
600,グルテン(クラス),0,0,0,0,0,0,1,0,0,0,0,1
601,キウイ,0,0,0,0,0,0,1,0,0,0,0,1
602,キウイ(クラス),0,0,0,0,0,0,1,0,0,0,0,1
603,ヤマイモ,0,0,0,0,0,0,1,0,0,0,0,1
604,ヤマイモ(クラス),0,0,0,0,0,0,1,0,0,0,0,1
605,クルミ,0,0,0,0,0,0,1,0,0,0,0,1
606,クルミ(クラス),0,0,0,0,0,0,1,0,0,0,0,1
607,Ω５グリアジン,0,0,0,0,0,0,1,0,0,0,0,1
608,Ω５グリアジン(クラス),0,0,0,0,0,0,1,0,0,0,0,1
609,カシューナッツ,0,0,0,0,0,0,1,0,0,0,0,1
610,カシューナッツ(クラス),0,0,0,0,0,0,1,0,0,0,0,1
611,TARC(Th2ｹﾓｶｲﾝ),0,0,0,0,0,0,0,0,0,1,1,2
612,タクロリムス,0,0,0,0,0,0,1,0,0,0,1,2
613,クリプトコッカス抗原,0,0,0,0,0,0,1,0,0,0,1,2
614,アスペルギルス抗原,0,0,0,0,0,0,1,0,0,0,1,2
615,A群ヨウレン菌抗原,0,0,0,0,0,0,1,0,0,0,1,2
616,ｲﾝﾀｰﾌｪﾛﾝ-γ,0,0,0,0,0,0,0,0,0,0,1,1
617,ESAT-6,0,0,0,0,0,0,0,0,0,0,1,1
618,CFP10,0,0,0,0,0,0,0,0,0,0,1,1
619,梅毒RPR定量,0,0,0,0,0,0,1,0,0,0,1,2
620,"サイトメガロウイルス C10,11",0,0,0,0,0,0,0,0,0,0,1,1
621,サイトメガロ（Cf）,0,0,0,0,0,0,1,0,0,0,0,1
622,サイトメガロIgg,0,0,0,0,0,0,1,0,0,1,1,3
623,サイトメガロIgg(抗体指数),0,0,0,0,0,0,0,0,0,0,1,1
624,サイトメガロIgm,0,0,0,0,0,0,1,0,0,1,1,3
625,サイトメガロIgm(抗体指数),0,0,0,0,0,0,0,0,0,0,1,1
626,FiO2,0,0,0,0,0,0,0,0,0,1,1,2
627,HCV-RNA定量,0,0,0,0,0,0,1,0,0,0,1,2
628,IgG4,0,0,0,0,0,0,0,0,0,1,1,2
629,MMP-3,0,0,0,0,0,0,1,0,0,0,1,2
630,POLYS,0,0,0,0,0,0,0,0,0,0,1,1
631,SARS-CoV-2抗原定性,0,0,0,0,0,0,1,0,0,0,1,2
632,SARS-CoV-2抗原定量,0,0,0,0,0,0,0,0,0,0,1,1
633,ニコチン酸,0,0,0,0,0,0,0,0,0,0,1,1
634,マイコプラズマ抗体Pa,0,0,0,0,0,0,1,0,0,0,1,2
635,マイコプラズマ/Lamp法,0,0,0,0,0,0,1,0,0,0,0,1
636,気圧,0,0,0,0,0,0,0,0,0,0,1,1
637,トキソプラズマIgG,0,0,0,0,0,0,0,0,0,0,1,1
638,トキソプラズマIgM,0,0,0,0,0,0,0,0,0,0,1,1
639,抗デスモグレイン-1抗体,0,0,0,0,0,0,0,0,0,0,1,1
640,抗デスモグレイン-3抗体,0,0,0,0,0,0,0,0,0,0,1,1
641,抗平滑筋抗体,0,0,0,0,0,0,0,0,0,0,1,1
642,HBs抗体,0,0,1,0,0,0,1,0,0,0,1,3
643,HBs抗体(定量),0,0,0,0,0,0,1,0,0,0,1,2
644,HBs抗原(定量),0,0,0,0,0,0,0,0,0,0,1,1
645,HCV抗体(定量),0,0,0,0,0,0,0,0,0,0,1,1
646,HIV-Ag/Ab(定量),0,0,0,0,0,0,0,0,0,0,1,1
647,梅毒TP抗体(定量),0,0,0,0,0,0,0,0,0,0,1,1
648,副甲状腺ﾎﾙﾓﾝ関連ﾀﾝﾊﾟｸ,0,0,0,0,0,0,1,0,0,0,1,2
649,腹水　AMY,0,0,0,0,0,0,0,0,0,0,1,1
650,腹水 総ﾋﾞﾘﾙﾋﾞﾝ,0,0,0,0,0,0,0,0,0,0,1,1
651,CMV-1,0,0,0,0,0,0,0,0,0,0,1,1
652,CMV-2,0,0,0,0,0,0,0,0,0,0,1,1
653,サイトメガロ-DNA定量,0,0,0,0,0,0,1,0,0,0,0,1
654,サイトメガロIgg(定量),0,0,0,0,0,0,1,0,0,1,0,2
655,サイトメガロIgm(定量),0,0,0,0,0,0,1,0,0,1,0,2
656,Ａ／Ａ,0,0,0,0,0,0,0,0,0,1,0,1
657,Ａ－Ａｄｏ２,0,0,0,0,0,0,0,0,0,1,0,1
658,ALPアイソザイム,0,0,0,0,0,0,1,0,0,1,0,2
659,APTT(%),0,0,0,0,0,0,0,0,0,1,0,1
660,Ａインフ－Ａ　Ｃｆ　Ｓ,0,0,0,0,0,0,0,0,0,1,0,1
661,Ａ型／タスマニア／Ｈ３ｎ２,0,0,0,0,0,0,0,0,0,1,0,1
662,Ａ型／ビクトリア／Ｈ１ｎ１,0,0,0,0,0,0,0,0,0,1,0,1
663,Ｂ型／ビクトリア,0,0,0,0,0,0,0,0,0,1,0,1
664,Ｂ型／プーケット,0,0,0,0,0,0,0,0,0,1,0,1
665,IgG2,0,0,0,0,0,0,1,0,0,1,0,2
666,La,0,0,0,0,0,0,0,0,0,1,0,1
667,Ｌｄｈ－アイソザイム,0,0,0,0,0,0,0,0,0,1,0,1
668,Ｌｄｈ－１,0,0,0,0,0,0,0,0,0,1,0,1
669,Ｌｄｈ－２,0,0,0,0,0,0,0,0,0,1,0,1
670,Ｌｄｈ－３,0,0,0,0,0,0,0,0,0,1,0,1
671,Ｌｄｈ－４,0,0,0,0,0,0,0,0,0,1,0,1
672,Ｌｄｈ－５,0,0,0,0,0,0,0,0,0,1,0,1
673,Ｔ３,0,0,0,0,0,0,0,0,0,1,0,1
674,アミノ酸１１分画（血漿）,0,0,0,0,0,0,0,0,0,1,0,1
675,アミノ酸分画（血漿）,0,0,0,0,0,0,1,0,0,1,0,2
676,インフ－Ａ　Ｃｆ　Ｌ,0,0,0,0,0,0,0,0,0,1,0,1
677,インフ－Ｂ　Ｃｆ　Ｌ,0,0,0,0,0,0,0,0,0,1,0,1
678,インフ－Ｂ　Ｃｆ　Ｓ,0,0,0,0,0,0,0,0,0,1,0,1
679,インフルエンザ（Ｈｉ）,0,0,0,0,0,0,0,0,0,1,0,1
680,インフルエンザ（Ｈｉ）髄液,0,0,0,0,0,0,0,0,0,1,0,1
681,インフルエンザ抗原Ａ,0,0,0,0,0,0,1,0,0,0,0,1
682,インフルエンザ抗原Ｂ,0,0,0,0,0,0,1,0,0,0,0,1
683,キサントクロミー,0,0,0,0,0,0,0,0,0,1,0,1
684,シスタチオン,0,0,0,0,0,0,0,0,0,1,0,1
685,セキセイインコ,0,0,0,0,0,0,0,0,0,1,0,1
686,ハト,0,0,0,0,0,0,0,0,0,1,0,1
687,フェニトイン,0,0,0,0,0,0,1,0,0,1,0,2
688,フェノバルビタール,0,0,0,0,0,0,1,0,0,1,0,2
689,血清浸透圧,0,0,0,0,0,0,1,0,0,1,0,2
690,抗利尿ホルモン(AVP),0,0,0,0,0,0,1,0,0,1,0,2
691,細胞数（／Μｌ）,0,0,0,0,0,0,1,0,0,1,0,2
692,赤沈１ｈ,0,0,0,0,0,0,0,0,0,1,0,1
693,赤沈２ｈ,0,0,0,0,0,0,0,0,0,1,0,1
694,鳥特異的Ｉｇｇ,0,0,0,0,0,0,0,0,0,1,0,1
695,風疹Ｉｇｇ,0,0,0,0,0,0,1,0,0,1,0,2
696,風疹Ｉｇｇ(定量),0,0,0,0,0,0,1,0,0,0,0,1
697,Ｅｂｖ－Ｄｎａ量,0,0,0,0,0,0,1,0,0,0,0,1
698,Ｅｂｖ－Ｅａ－Ｇ,0,0,0,0,0,0,0,0,0,1,0,1
699,Ｅｂｖ－Ｅｂｎａ,0,0,0,0,0,0,0,0,0,1,0,1
700,Ｅｂｖ－Ｖｃ－Ｇ,0,0,0,0,0,0,0,0,0,1,0,1
701,Ｅｂｖ－Ｖｃ－Ｍ,0,0,0,0,0,0,0,0,0,1,0,1
702,ＥｂウイルスＤｎａ核酸定量,0,0,0,0,0,0,1,0,0,0,0,1
703,Ｅｂ抗Ｅａｄｒ・Ｉｇｇ（Ｅｉａ）,0,0,0,0,0,0,1,0,0,0,0,1
704,Ｅｂ抗Ｅａｄｒ・Ｉｇｇ（Ｆａ）,0,0,0,0,0,0,1,0,0,0,0,1
705,Ｅｂ抗Ｅｂｎａ（Ｅｉａ）,0,0,0,0,0,0,1,0,0,0,0,1
706,Ｅｂ抗Ｅｂｎａ（Ｆａ）,0,0,0,0,0,0,1,0,0,0,0,1
707,Ｅｂ抗Ｖｃａ・Ｉｇｇ（Ｅｉａ）,0,0,0,0,0,0,1,0,0,0,0,1
708,Ｅｂ抗Ｖｃａ・Ｉｇｇ（Ｆａ）,0,0,0,0,0,0,1,0,0,0,0,1
709,Ｅｂ抗Ｖｃａ・Ｉｇｍ（Ｅｉａ）,0,0,0,0,0,0,1,0,0,0,0,1
710,Ｅｂ抗Ｖｃａ・Ｉｇｍ（Ｆａ）,0,0,0,0,0,0,1,0,0,0,0,1
711,Ｆｌｏｗ,0,0,0,0,0,0,0,0,0,1,0,1
712,17α－ヒドロキシプロゲステロン,0,0,0,0,0,0,1,0,0,0,0,1
713,２２染色体Ｑ１１．２欠失,0,0,0,0,0,0,1,0,0,0,0,1
714,７番染色体Ｆｉｓｈ,0,0,0,0,0,0,1,0,0,0,0,1
715,８番染色体Ｆｉｓｈ,0,0,0,0,0,0,1,0,0,0,0,1
716,AML,0,0,0,0,0,0,1,0,0,0,0,1
717,AML疑い,0,0,0,0,0,0,1,0,0,0,0,1
718,Ａｓｋ,0,0,0,0,0,0,1,0,0,0,0,1
719,Ａｓｌｏ,0,0,0,0,0,0,1,0,0,0,0,1
720,Ａｓｔ・Ａｌｔ↑,0,0,0,0,0,0,1,0,0,0,0,1
721,Ｂ細胞％,0,0,0,0,0,0,1,0,0,0,0,1
722,Ｂ細胞数（／Μｌ）,0,0,0,0,0,0,1,0,0,0,0,1
723,Ｃ１ｑ（免疫複合体）,0,0,0,0,0,0,1,0,0,0,0,1
724,Ｃ２４：０／Ｃ２２：０,0,0,0,0,0,0,1,0,0,0,0,1
725,Ｃ２５：０／Ｃ２２：０,0,0,0,0,0,0,1,0,0,0,0,1
726,Ｃ２６：０／Ｃ２２：０,0,0,0,0,0,0,1,0,0,0,0,1
727,Ｃｂｆｂ－Ｍｙｈ１１,0,0,0,0,0,0,1,0,0,0,0,1
728,Ｃｄ１０,0,0,0,0,0,0,1,0,0,0,0,1
729,Ｃｄ１３,0,0,0,0,0,0,1,0,0,0,0,1
730,Ｃｄ１４,0,0,0,0,0,0,1,0,0,0,0,1
731,Ｃｄ１６,0,0,0,0,0,0,1,0,0,0,0,1
732,Ｃｄ１９,0,0,0,0,0,0,1,0,0,0,0,1
733,Ｃｄ２０,0,0,0,0,0,0,1,0,0,0,0,1
734,Ｃｄ３,0,0,0,0,0,0,1,0,0,0,0,1
735,Ｃｄ３３,0,0,0,0,0,0,1,0,0,0,0,1
736,Ｃｄ３４,0,0,0,0,0,0,1,0,0,0,0,1
737,Ｃｄ３４＋細胞数,0,0,0,0,0,0,1,0,0,0,0,1
738,Ｃｄ３４＋数／㎏,0,0,0,0,0,0,1,0,0,0,0,1
739,Ｃｄ３４＋数／Μｌ,0,0,0,0,0,0,1,0,0,0,0,1
740,Ｃｄ３４＋数／本,0,0,0,0,0,0,1,0,0,0,0,1
741,Ｃｄ３４＋生細胞％,0,0,0,0,0,0,1,0,0,0,0,1
742,Ｃｄ３８,0,0,0,0,0,0,1,0,0,0,0,1
743,Ｃｄ４,0,0,0,0,0,0,1,0,0,0,0,1
744,Ｃｄ５,0,0,0,0,0,0,1,0,0,0,0,1
745,Ｃｄ５６,0,0,0,0,0,0,1,0,0,0,0,1
746,Ｃｄ５８,0,0,0,0,0,0,1,0,0,0,0,1
747,Ｃｄ７,0,0,0,0,0,0,1,0,0,0,0,1
748,Ｃｄ８,0,0,0,0,0,0,1,0,0,0,0,1
749,リンパ球幼若化検査(Cont),0,0,0,0,0,0,1,0,0,0,0,1
750,リンパ球幼若化検査(Pat),0,0,0,0,0,0,1,0,0,0,0,1
751,Ｃｐｋ　アイソザイム,0,0,0,0,0,0,1,0,0,0,0,1
752,Ｄｅｋ－Ｎｕｐ２１４,0,0,0,0,0,0,1,0,0,0,0,1
753,Ｅａ（Ｃｉ）,0,0,0,0,0,0,1,0,0,0,0,1
754,Ｅｐａ／Ａａ比,0,0,0,0,0,0,1,0,0,0,0,1
755,F8,0,0,0,0,0,0,1,0,0,0,0,1
756,F8-ch,0,0,0,0,0,0,1,0,0,0,0,1
757,F6,0,0,0,0,0,0,1,0,0,0,0,1
758,F6-ch,0,0,0,0,0,0,1,0,0,0,0,1
759,F11,0,0,0,0,0,0,1,0,0,0,0,1
760,F12,0,0,0,0,0,0,1,0,0,0,0,1
761,F13,0,0,0,0,0,0,1,0,0,0,0,1
762,Ｆｒｅｅ－コレステロール,0,0,0,0,0,0,1,0,0,0,0,1
763,Ｇ－バンド法,0,0,0,0,0,0,1,0,0,0,0,1
764,IgM-HBc抗体,0,0,0,0,0,0,1,0,0,0,0,1
765,Ｈｂｖ－Ｄｎａ定量（Ｉｕ）,0,0,0,0,0,0,1,0,0,0,0,1
766,Ｈｂｖ－Ｄｎａ定量／Ｔａｑｍａｎ,0,0,0,0,0,0,1,0,0,0,0,1
767,Ｈｃｇ－Β,0,0,0,0,0,0,1,0,0,0,0,1
768,Ｈｃｖ－Ｃｉ,0,0,0,0,0,0,1,0,0,0,0,1
769,Ｈ－Ｆａｂｐ（定性）,0,0,0,0,0,0,1,0,0,0,0,1
770,Ｈ－Ｆａｂｐ（定量）,0,0,0,0,0,0,1,0,0,0,0,1
771,Ｈｇｈ（　１）,0,0,0,0,0,0,1,0,0,0,0,1
772,Ｈｇｈ（　２）,0,0,0,0,0,0,1,0,0,0,0,1
773,Ｈｇｈ（　３）,0,0,0,0,0,0,1,0,0,0,0,1
774,Ｈｇｈ（　４）,0,0,0,0,0,0,1,0,0,0,0,1
775,Ｈｇｈ（　５）,0,0,0,0,0,0,1,0,0,0,0,1
776,Ｈｈｖ６ｄｎａ定性,0,0,0,0,0,0,1,0,0,0,0,1
777,Ｈｈｖ７ｄｎａ定性,0,0,0,0,0,0,1,0,0,0,0,1
778,Ｈｌａ遺伝子型,0,0,0,0,0,0,1,0,0,0,0,1
779,IL-6,0,0,0,0,0,0,1,0,0,0,0,1
780,Ｌａｃ：Ｄｒｖｖｔ比,0,0,0,0,0,0,1,0,0,0,0,1
781,Ｌａｃ：Ｐｌｉ比,0,0,0,0,0,0,1,0,0,0,0,1
782,Ｎｃｃ　生細胞％,0,0,0,0,0,0,1,0,0,0,0,1
783,Ｎｋ細胞％,0,0,0,0,0,0,1,0,0,0,0,1
784,Ｎｋ細胞数（／Μｌ）,0,0,0,0,0,0,1,0,0,0,0,1
785,Ｎｕｄｔ１５遺伝子解析,0,0,0,0,0,0,1,0,0,0,0,1
786,Ｐｈａ－Ｃｏｎｔ．,0,0,0,0,0,0,1,0,0,0,0,1
787,Ｐｈａ－Ｐａｔ．,0,0,0,0,0,0,1,0,0,0,0,1
788,ﾎｽﾎｾﾘﾝ,0,0,0,0,0,0,1,0,0,0,0,1
789,Ｐ－Ｖｅｇｆ,0,0,0,0,0,0,1,0,0,0,0,1
790,Ｐ－Ｗ／Ａｎｇ遺伝子解析,0,0,0,0,0,0,1,0,0,0,0,1
791,Ｒａテスト,0,0,0,0,0,0,1,0,0,0,0,1
792,Ｒｓｖ抗原定性,0,0,0,0,0,0,1,0,0,0,0,1
793,Ｓｍａ遺伝子解析,0,0,0,0,0,0,1,0,0,0,0,1
794,Ｔ／Ｔ比,0,0,0,0,0,0,1,0,0,0,0,1
795,TNF-α,0,0,0,0,0,0,1,0,0,0,0,1
796,Ｔ細胞％,0,0,0,0,0,0,1,0,0,0,0,1
797,Ｔ細胞数（／Μｌ）,0,0,0,0,0,0,1,0,0,0,0,1
798,Ｖｗブランド因子活性,0,0,0,0,0,0,1,0,0,0,0,1
799,WT1 mRNA,0,0,0,0,0,0,1,0,0,0,0,1
800,α1アンチトリプシン,0,0,0,0,0,0,1,0,0,0,0,1
801,γ－リノレン酸,0,0,0,0,0,0,1,0,0,0,0,1
802,ジホモ－γ－リノレン酸,0,0,0,0,0,0,1,0,0,0,0,1
803,アラキジン酸,0,0,0,0,0,0,1,0,0,0,0,1
804,アラキドン酸,0,0,0,0,0,0,1,0,0,0,0,1
805,エイコサジエン酸,0,0,0,0,0,0,1,0,0,0,0,1
806,エイコサトリエン酸,0,0,0,0,0,0,1,0,0,0,0,1
807,エイコサペンタエン酸,0,0,0,0,0,0,1,0,0,0,0,1
808,エイコセン酸,0,0,0,0,0,0,1,0,0,0,0,1
809,エルシン酸,0,0,0,0,0,0,1,0,0,0,0,1
810,オレイン酸,0,0,0,0,0,0,1,0,0,0,0,1
811,ステアリン酸,0,0,0,0,0,0,1,0,0,0,0,1
812,セレン,0,0,0,0,0,0,1,0,0,0,0,1
813,ドコサテトラエン酸,0,0,0,0,0,0,1,0,0,0,0,1
814,ドコサヘキサエン酸,0,0,0,0,0,0,1,0,0,0,0,1
815,ドコサペンタエン酸,0,0,0,0,0,0,1,0,0,0,0,1
816,ネルボン酸,0,0,0,0,0,0,1,0,0,0,0,1
817,パルミチン酸,0,0,0,0,0,0,1,0,0,0,0,1
818,パルミトレイン酸,0,0,0,0,0,0,1,0,0,0,0,1
819,ベヘニン酸,0,0,0,0,0,0,1,0,0,0,0,1
820,ミリスチン酸,0,0,0,0,0,0,1,0,0,0,0,1
821,ミリストレイン酸,0,0,0,0,0,0,1,0,0,0,0,1
822,ラウリン酸,0,0,0,0,0,0,1,0,0,0,0,1
823,リグノセリン酸,0,0,0,0,0,0,1,0,0,0,0,1
824,リノール酸,0,0,0,0,0,0,1,0,0,0,0,1
825,リノレン酸,0,0,0,0,0,0,1,0,0,0,0,1
826,アデノ（Ｃｆ）,0,0,0,0,0,0,1,0,0,0,0,1
827,アデノ７型（Ｎｔ）,0,0,0,0,0,0,1,0,0,0,0,1
828,アデノウイルス抗原,0,0,0,0,0,0,1,0,0,0,0,1
829,アミノ酸代謝,0,0,0,0,0,0,1,0,0,0,0,1
830,アミロイドＡ蛋白,0,0,0,0,0,0,1,0,0,0,0,1
831,アルドラーゼ,0,0,0,0,0,0,1,0,0,0,0,1
832,アンバウンドビリルビン,0,0,0,0,0,0,1,0,0,0,0,1
833,ガラクトース（濾紙）,0,0,0,0,0,0,1,0,0,0,0,1
834,カンジダ抗原(定性),0,0,0,0,0,0,1,0,0,0,0,1
835,カンジダ抗原(定量),0,0,0,0,0,0,1,0,0,0,0,1
836,クリオグロブリン,0,0,0,0,0,0,1,0,0,0,0,1
837,サイロイドテスト,0,0,0,0,0,0,1,0,0,0,0,1
838,サイログロブリン,0,0,0,0,0,0,1,0,0,0,0,1
839,ジストロフィンＤｎａ,0,0,0,0,0,0,1,0,0,0,0,1
840,テストステロン,0,0,0,0,0,0,1,0,0,0,0,1
841,トランスフェリン,0,0,0,0,0,0,1,0,0,0,0,1
842,ハプトグロビン型別,0,0,0,0,0,0,1,0,0,0,0,1
843,ハプトグロビン定量,0,0,0,0,0,0,1,0,0,0,0,1
844,パルボウイルスＩｇｍ,0,0,0,0,0,0,1,0,0,0,0,1
845,ヒトヘルペス６ｉｇｇ／Ｆａ,0,0,0,0,0,0,1,0,0,0,0,1
846,ヒトヘルペス６ｉｇｍ／Ｆａ,0,0,0,0,0,0,1,0,0,0,0,1
847,ヒトヘルペス７ｉｇｇ／Ｆａ,0,0,0,0,0,0,1,0,0,0,0,1
848,ヒトヘルペス７ｉｇｍ／Ｆａ,0,0,0,0,0,0,1,0,0,0,0,1
849,ヒトメタニューモ抗原,0,0,0,0,0,0,1,0,0,0,0,1
850,ヘモグロビン分画,0,0,0,0,0,0,1,0,0,0,0,1
851,マイクロアレイ染（Ｃｇｈ法）,0,0,0,0,0,0,1,0,0,0,0,1
852,マイクロゾ－ムテスト,0,0,0,0,0,0,1,0,0,0,0,1
853,ムンプスウイルスIgG,0,0,0,0,0,0,1,0,0,0,0,1
854,リゾチーム,0,0,0,0,0,0,1,0,0,0,0,1
855,リポ蛋白（Ａ）,0,0,0,0,0,0,1,0,0,0,0,1
856,レムナントリポ蛋白Ｃ,0,0,0,0,0,0,1,0,0,0,0,1
857,異型細胞,0,0,0,0,0,0,1,0,0,0,0,1
858,可溶性フィブリン,0,0,0,0,0,0,1,0,0,0,0,1
859,血清蛋白分画,0,0,0,0,0,0,1,0,0,0,0,1
860,血中Ｂｋウイルス定性,0,0,0,0,0,0,1,0,0,0,0,1
861,血中Ｊｃウイルス定性,0,0,0,0,0,0,1,0,0,0,0,1
862,抗Ｃ３ｂ＋Ｄ,0,0,0,0,0,0,1,0,0,0,0,1
863,抗Ｃｃｐ抗体,0,0,0,0,0,0,1,0,0,0,0,1
864,抗CL・B2GPⅠ抗体,0,0,0,0,0,0,1,0,0,0,0,1
865,抗Clab-IgG,0,0,0,0,0,0,1,0,0,0,0,1
866,抗HLA抗体,0,0,0,0,0,0,1,0,0,0,0,1
867,抗Ｔｐｏ抗体,0,0,0,0,0,0,1,0,0,0,0,1
868,抗サイログロブリン抗体,0,0,0,0,0,0,1,0,0,0,0,1
869,抗血小板抗体,0,0,0,0,0,0,1,0,0,0,0,1
870,脂肪酸代謝,0,0,0,0,0,0,1,0,0,0,0,1
871,新プロコラーゲンⅢペプチド,0,0,0,0,0,0,1,0,0,0,0,1
872,生細胞率（７－Ａａｄ法）,0,0,0,0,0,0,1,0,0,0,0,1
873,脆弱Ｘ遺伝子解析,0,0,0,0,0,0,1,0,0,0,0,1
874,全サブテロメア領域解析,0,0,0,0,0,0,1,0,0,0,0,1
875,帯状ヘルペス（Ｃｆ）,0,0,0,0,0,0,1,0,0,0,0,1
876,帯状ヘルペスＩｇｇ（Ｅｉａ）,0,0,0,0,0,0,1,0,0,0,0,1
877,胎性ヘモグロビン,0,0,0,0,0,0,1,0,0,0,0,1
878,単純ヘルペス（Ｃｆ）,0,0,0,0,0,0,1,0,0,0,0,1
879,単純ヘルペスＤｎａ定量,0,0,0,0,0,0,1,0,0,0,0,1
880,単純ヘルペスＩｇｇ（Ｅｉａ）,0,0,0,0,0,0,1,0,0,0,0,1
881,単純ヘルペスＩｇｍ（Ｅｉａ）,0,0,0,0,0,0,1,0,0,0,0,1
882,直接クームス,0,0,0,0,0,0,1,0,0,0,0,1
883,梅毒Ｔｐｈａ（定量）,0,0,0,0,0,0,1,0,0,0,0,1
884,不規則性抗体,0,0,0,0,0,0,1,0,0,0,0,1
885,麻疹Ｉｇｇ／Ｅｉａ,0,0,0,0,0,0,1,0,0,0,0,1
886,有機酸代謝,0,0,0,0,0,0,1,0,0,0,0,1
887,量（Ｍｌ）,0,0,0,0,0,0,1,0,0,0,0,1
888,カルバマゼピン,0,0,0,0,0,0,1,0,0,0,0,1
889,エトサクシミド,0,0,0,0,0,0,1,0,0,0,0,1
890,ニトラゼパム,0,0,0,0,0,0,1,0,0,0,0,1
891,ゾニサミド,0,0,0,0,0,0,1,0,0,0,0,1
892,クロバザム,0,0,0,0,0,0,1,0,0,0,0,1
893,デスメチルクロバザム,0,0,0,0,0,0,1,0,0,0,0,1
894,レベチラセタム,0,0,0,0,0,0,1,0,0,0,0,1
895,ラモトリギン,0,0,0,0,0,0,1,0,0,0,0,1
896,ジゴキシン,0,0,0,0,0,0,1,0,0,0,0,1
897,アミオダロン,0,0,0,0,0,0,1,0,0,0,0,1
898,モノデスエチルＡｍｄ,0,0,0,0,0,0,1,0,0,0,0,1
899,ラコサミド,0,0,0,0,0,0,1,0,0,0,0,1
900,バンコマイシン,0,0,0,0,0,0,1,0,0,0,0,1
901,ボリコナゾール,0,0,0,0,0,0,1,0,0,0,0,1
902,シクロスポリン,0,0,0,0,0,0,1,0,0,0,0,1
903,ミコフェノール酸モフェチル,0,0,0,0,0,0,1,0,0,0,0,1
904,ミゾリビン,0,0,0,0,0,0,1,0,0,0,0,1
905,Eosino(骨髄),0,0,0,0,0,0,1,0,0,0,0,1
906,Eosino Metamyelo(骨髄),0,0,0,0,0,0,1,0,0,0,0,1
907,Eosino Myelocyte(骨髄),0,0,0,0,0,0,1,0,0,0,0,1
908,Eosino Seg(骨髄),0,0,0,0,0,0,1,0,0,0,0,1
909,Eosino Series(骨髄),0,0,0,0,0,0,1,0,0,0,0,1
910,Eosino Stab(骨髄),0,0,0,0,0,0,1,0,0,0,0,1
911,Erythroid Mitosis(骨髄),0,0,0,0,0,0,1,0,0,0,0,1
912,Erythroid Series(骨髄),0,0,0,0,0,0,1,0,0,0,0,1
913,Etv6－Runx1,0,0,0,0,0,0,1,0,0,0,0,1
914,Fld３－Itd変異解析,0,0,0,0,0,0,1,0,0,0,0,1
915,Gapdh定量値,0,0,0,0,0,0,1,0,0,0,0,1
916,Ｈｇｂ↓(骨髄),0,0,0,0,0,0,1,0,0,0,0,1
917,Hla－Dr,0,0,0,0,0,0,1,0,0,0,0,1
918,Kmt２a－Afdn,0,0,0,0,0,0,1,0,0,0,0,1
919,Kmt２a－Aff１,0,0,0,0,0,0,1,0,0,0,0,1
920,Kmt２a－Mllt１,0,0,0,0,0,0,1,0,0,0,0,1
921,Kmt２a－Mllt３,0,0,0,0,0,0,1,0,0,0,0,1
922,Ｌｄｈ↑,0,0,0,0,0,0,1,0,0,0,0,1
923,Ｌｌａ（成育）,0,0,0,0,0,0,1,0,0,0,0,1
924,Lymphoblast(骨髄),0,0,0,0,0,0,1,0,0,0,0,1
925,Lymphocyte(骨髄),0,0,0,0,0,0,1,0,0,0,0,1
926,Ｌ－オリゴクロナールバンド,0,0,0,0,0,0,1,0,0,0,0,1
927,Ｌ－単純ヘルペスＤｎａ定性,0,0,0,0,0,0,1,0,0,0,0,1
928,Ｌ－単純ヘルペスＤｎａ定量,0,0,0,0,0,0,1,0,0,0,0,1
929,Ｍ／Ｅ比,0,0,0,0,0,0,1,0,0,0,0,1
930,Ma－Bcr－Abl１,0,0,0,0,0,0,1,0,0,0,0,1
931,Macro Baso(骨髄),0,0,0,0,0,0,1,0,0,0,0,1
932,Macro Erythroblast(骨髄),0,0,0,0,0,0,1,0,0,0,0,1
933,Macro Ortho(骨髄),0,0,0,0,0,0,1,0,0,0,0,1
934,Macro Poly(骨髄),0,0,0,0,0,0,1,0,0,0,0,1
935,Megaroblast(骨髄),0,0,0,0,0,0,1,0,0,0,0,1
936,Ｍｄｓ疑い,0,0,0,0,0,0,1,0,0,0,0,1
937,Minor－Bcr－Abl１,0,0,0,0,0,0,1,0,0,0,0,1
938,Ｍｌｌ再構成（Ｆｉｓｈ）,0,0,0,0,0,0,1,0,0,0,0,1
939,Monoblast(骨髄),0,0,0,0,0,0,1,0,0,0,0,1
940,Monocyte(骨髄),0,0,0,0,0,0,1,0,0,0,0,1
941,Myeloido Series(骨髄),0,0,0,0,0,0,1,0,0,0,0,1
942,Neutro Metamyelocyte(骨髄),0,0,0,0,0,0,1,0,0,0,0,1
943,Neutro Myelocyte(骨髄),0,0,0,0,0,0,1,0,0,0,0,1
944,Neutro Promyelocyte(骨髄),0,0,0,0,0,0,1,0,0,0,0,1
945,Neutro Seg(骨髄),0,0,0,0,0,0,1,0,0,0,0,1
946,Neutro Series(骨髄),0,0,0,0,0,0,1,0,0,0,0,1
947,Neutro Stab(骨髄),0,0,0,0,0,0,1,0,0,0,0,1
948,Normo Baso(骨髄),0,0,0,0,0,0,1,0,0,0,0,1
949,Normo Erythroblast(骨髄),0,0,0,0,0,0,1,0,0,0,0,1
950,Normo Ortho(骨髄),0,0,0,0,0,0,1,0,0,0,0,1
951,Normo Poly(骨髄),0,0,0,0,0,0,1,0,0,0,0,1
952,Nup９８－Hoxa９,0,0,0,0,0,0,1,0,0,0,0,1
953,Phagocyte(骨髄),0,0,0,0,0,0,1,0,0,0,0,1
954,Plasma Cell(骨髄),0,0,0,0,0,0,1,0,0,0,0,1
955,Ｐｌｔ↓,0,0,0,0,0,0,1,0,0,0,0,1
956,Pml－Rara,0,0,0,0,0,0,1,0,0,0,0,1
957,Pro Monocyte(骨髄),0,0,0,0,0,0,1,0,0,0,0,1
958,Proerythroblast(骨髄）,0,0,0,0,0,0,1,0,0,0,0,1
959,Reticulum Cell(骨髄),0,0,0,0,0,0,1,0,0,0,0,1
960,Runx１－Runx１t１,0,0,0,0,0,0,1,0,0,0,0,1
961,Runx１－Runx１t１転座,0,0,0,0,0,0,1,0,0,0,0,1
962,Stil－Tal１,0,0,0,0,0,0,1,0,0,0,0,1
963,Tcf３－Pbx１,0,0,0,0,0,0,1,0,0,0,0,1
964,異性間Bmt,0,0,0,0,0,0,1,0,0,0,0,1
965,高感度Mbp,0,0,0,0,0,0,1,0,0,0,0,1
966,巨核球数,0,0,0,0,0,0,1,0,0,0,0,1
967,骨髄－Ｇバンド,0,0,0,0,0,0,1,0,0,0,0,1
968,骨髄Ｐａｓ染色,0,0,0,0,0,0,1,0,0,0,0,1
969,骨髄エステラ－ゼＡｓｄ染色,0,0,0,0,0,0,1,0,0,0,0,1
970,骨髄エステラ－ゼΑ－Ｎｂ染色,0,0,0,0,0,0,1,0,0,0,0,1
971,骨髄ペルオキシダ－ゼ,0,0,0,0,0,0,1,0,0,0,0,1
972,骨髄巨核球数,0,0,0,0,0,0,1,0,0,0,0,1
973,混濁(骨髄),0,0,0,0,0,0,1,0,0,0,0,1
974,色調(骨髄),0,0,0,0,0,0,1,0,0,0,0,1
975,髄液Ｎｓｅ,0,0,0,0,0,0,1,0,0,0,0,1
976,線維凝固物,0,0,0,0,0,0,1,0,0,0,0,1
977,単球＋他％,0,0,0,0,0,0,1,0,0,0,0,1
